{
    "unbounded_recall": 0.96875,
    "recall_at_1": 0.5416666666666666,
    "recall_at_5": 0.8020833333333334,
    "recall_at_10": 0.8020833333333334,
    "precision_at_5": 0.3663194444444445,
    "mrr": 0.6522569444444445,
    "ndcg_at_5": 0.690432038217498
}